{
  "part01.wav": 0.9425833333333333,
  "part02.wav": 2.873666666666667,
  "part03.wav": 3.240875,
  "part04.wav": 3.4789166666666667,
  "part05.wav": 2.607625,
  "part06.wav": 2.2419583333333333,
  "part07.wav": 1.8539583333333334,
  "part08.wav": 2.5770416666666667,
  "part09.wav": 2.667291666666667,
  "part10.wav": 2.93,
  "part11.wav": 5.208625,
  "part12.wav": 3.69,
  "part13.wav": 2.11,
  "part14.wav": 3.3,
  "part15.wav": 1.93,
  "part16.wav": 1.6492916666666666,
  "part17.wav": 4.348833333333333,
  "part18.wav": 4.444166666666667
}