{
  "00-europe_spread.wav": 3.7733333333333334,
  "01-europe_spread.wav": 1.4426666666666668,
  "02-europe_spread.wav": 3.6533333333333333,
  "03-europe_spread.wav": 1.3226666666666667,
  "04-europe_spread.wav": 3.8346666666666667,
  "05-europe_spread.wav": 1.1893333333333334,
  "06-europe_spread.wav": 3.8,
  "07-europe_spread.wav": 1.408,
  "08-europe_spread.wav": 2.469333333333333,
  "09-europe_spread.wav": 1.2933333333333332,
  "10-europe_spread.wav": 2.8133333333333335,
  "11-europe_spread.wav": 1.6133333333333333,
  "12-europe_spread.wav": 2.8746666666666667,
  "13-europe_spread.wav": 1.184,
  "finish.wav": 2.3493333333333335
}