{
  "00-kokkyou.wav": 5.714666666666667,
  "01-kokkyou.wav": 1.1733333333333333,
  "02-kokkyou.wav": 3.498666666666667,
  "03-kokkyou.wav": 1.1893333333333334,
  "04-kokkyou.wav": 3.7893333333333334,
  "05-kokkyou.wav": 2.5493333333333332,
  "06-kokkyou.wav": 4.354666666666667,
  "07-kokkyou.wav": 1.3946666666666667,
  "08-kokkyou.wav": 4.058666666666666,
  "09-kokkyou.wav": 1.104,
  "10-kokkyou.wav": 3.024,
  "11-kokkyou.wav": 1.3333333333333333,
  "12-kokkyou.wav": 4.602666666666667,
  "13-kokkyou.wav": 1.3333333333333333
}