{
  "00-iso_03_04.wav": 1.464,
  "01-iso_03_04.wav": 2.9146666666666667,
  "02-iso_03_04.wav": 1.16,
  "03-iso_03_04.wav": 1.624,
  "04-iso_03_04.wav": 3.7093333333333334,
  "05-iso_03_04.wav": 0.8933333333333333,
  "06-iso_03_04.wav": 2.6986666666666665,
  "07-iso_03_04.wav": 2.0933333333333333,
  "08-iso_03_04.wav": 3.008,
  "09-iso_03_04.wav": 2.8133333333333335,
  "10-iso_03_04.wav": 3.3786666666666667,
  "11-iso_03_04.wav": 3.002666666666667,
  "12-iso_03_04.wav": 1.584,
  "13-iso_03_04.wav": 1.0586666666666666,
  "14-iso_03_04.wav": 1.624,
  "15-iso_03_04.wav": 2.784,
  "16-iso_03_04.wav": 2.962666666666667,
  "17-iso_03_04.wav": 4.048,
  "18-iso_03_04.wav": 2.0533333333333332,
  "19-iso_03_04.wav": 2.0,
  "20-iso_03_04.wav": 3.32,
  "21-iso_03_04.wav": 2.4,
  "22-iso_03_04.wav": 2.1733333333333333,
  "23-iso_03_04.wav": 1.7386666666666666,
  "24-iso_03_04.wav": 1.368
}